,弹幕出现时间,弹幕模式,弹幕字体大小,弹幕十六进制颜色,弹幕池(0为普通池，1为字幕池，2为特殊池),弹幕发送者加密id,弹幕id,弹幕内容
1,12.02900,滚动弹幕,25,0xffffff,0,a5602e6,45548885423685635,恩恩
2,3.30200,滚动弹幕,25,0xffffff,0,2ba84e56,45177178561183751,主要是不穿这么一身没法有效治疗吧
3,0.00000,滚动弹幕,25,0xffffff,0,5369acf7,44984477624565767,学手艺
4,1.59900,滚动弹幕,25,0xffffff,0,d47d4991,44762934845374469,被骗进来
5,13.75900,滚动弹幕,25,0xffffff,0,4bc8f636,44699487424217093,只羡大哥每一天
6,12.51000,滚动弹幕,25,0xffffff,0,1f8abbb1,44630852509892615,我看过类似题材的
7,2.57800,滚动弹幕,25,0xffffff,0,7abeec18,44399856799711239,这个剧情我看过
8,12.40000,滚动弹幕,25,0xffffff,0,5a4aeae0,44320925599924229,瘫痪警告
9,1.89200,滚动弹幕,25,0xffffff,0,adb94f4d,44310506278748165,通畅这个词用的有水平
10,7.77900,滚动弹幕,25,0xffffff,0,1c6142c5,44213774945615875,我也可以
11,4.82700,滚动弹幕,25,0xffffff,0,41df5b2d,44184262300139523,这样扳腰，老师会杀了你的，谋杀类手法
12,11.91500,滚动弹幕,25,0xffffff,0,a0a1c84c,44172273659674629,这不是成龙给利智按摩吗？
13,8.74800,滚动弹幕,25,0xffffff,0,fbde4ca6,44156715166334981,这TM不是柔道吗！
14,14.19600,滚动弹幕,25,0xffffff,0,fbde4ca6,44156697817120775,这TM不是柔道吗
15,5.70400,滚动弹幕,25,0x2e72,0,99a0528a,44147183449014275,爽
16,3.60800,滚动弹幕,25,0xe70012,0,2dc6ee39,44137739888623623,我就是来学手艺的
17,6.52400,滚动弹幕,25,0xffffff,0,fb292f7e,44119693599440899,按摩穿黑丝短裙？
18,15.00000,滚动弹幕,25,0xffffff,0,f312b9cf,44111240852144131,我想干。。。。。。。。。。。。。。。。。。。。。。。。。。。。。。。。。。。。。这种工作
19,15.00000,滚动弹幕,25,0xffffff,0,667243af,44077814209576963,我想当按摩师
20,0.00000,滚动弹幕,25,0xfef102,0,6c030b80,44077779869761543,见封进
