,弹幕出现时间,弹幕模式,弹幕字体大小,弹幕十六进制颜色,弹幕池(0为普通池，1为字幕池，2为特殊池),弹幕发送者加密id,弹幕id,弹幕内容
1,31.45900,滚动弹幕,25,0xffffff,0,4630752b,45017334739369991,看个乐呵
2,22.21900,滚动弹幕,25,0xffffff,0,4630752b,45017320180416517,调剂呗
3,44.18100,滚动弹幕,25,0xffffff,0,a644cb2f,44988145627824135,等量代换
4,49.43900,滚动弹幕,25,0xffffff,0,55490162,44953997989642247,阴阳怪气
5,47.34100,滚动弹幕,25,0xffffff,0,b6a77acf,44911585416183811,？？？？屁  
6,2.37100,滚动弹幕,25,0xffffff,0,68155cf0,44910525214097413,跟我当时好像，我是英语49分
7,8.88000,滚动弹幕,25,0xffffff,0,c9102a38,44884621236633605,政治还特么能少一分 笨蛋
8,53.12400,滚动弹幕,25,0xffffff,0,80ce0ba1,44884585932652551,二战
9,47.90100,滚动弹幕,25,0xffffff,0,78ca5b5a,44870682318733319,为什么这个人说话他要摇啊 
10,52.21400,滚动弹幕,25,0xffffff,0,ffa9e34b,44847851804557317,放屁
11,28.98000,滚动弹幕,25,0xffffff,0,4b2f4ecd,44846570360274947,有破格录取啊
12,33.80000,滚动弹幕,25,0xffffff,0,f7eacb6d,44841782682845191,150？？
13,55.12100,滚动弹幕,25,0xffffff,0,b205ce1c,44815043880026115,哈哈
14,47.57900,滚动弹幕,25,0xffffff,0,84685d1b,44806090969317383,等 量 代 换
15,46.62300,滚动弹幕,25,0xffffff,0,d7489653,44803639707959301,经过这么一折腾，估计就要有问题了
16,44.10900,顶端弹幕,25,0xe70012,0,68723fbd,44774103730618371,你这个人怎么能强行解释
17,27.69100,滚动弹幕,25,0xffffff,0,33a0040e,44722813849305091,好可惜
18,55.30700,滚动弹幕,25,0xffffff,0,6d20642,44692303178629125,哈哈哈
19,53.01900,滚动弹幕,25,0xffffff,0,943d8453,44655836484075527,初三政治教的那叫政治嘛，那叫死记硬背然后做卷子
20,26.40900,滚动弹幕,25,0xffffff,0,17f57512,44620925889413127,破格
21,9.57600,滚动弹幕,25,0xffffff,0,c6e1a6d2,44551246269382659,政治好累
22,12.10500,滚动弹幕,25,0xffffff,0,c6e1a6d2,44551217902256133,牛逼
23,52.52800,滚动弹幕,25,0xffffff,0,f49c2616,44544566733832197,都不过的吧，如果这个人在专业上真的很有建树才会放线
24,50.25900,滚动弹幕,25,0xffffff,0,35421b96,44504692558397445,没这说法，那我不入党难道就是不积极吗
25,40.38800,滚动弹幕,25,0xffffff,0,70a1d400,44472265869885447,不给过的
